<?xml version="1.0" encoding="utf-8" ?><dwsync><file name="highcharts.js" server="ilukwe.com/public_html/d3tutorial/" local="3431201568" remote="12043140092" /><file name="motioncolumns.html" server="ilukwe.com/public_html/d3tutorial/" local="3451667048" remote="12043140092" /><file name="columns.html" server="ilukwe.com/public_html/d3tutorial/" local="3452104296" remote="12043140092" /><file name="zoomin3.html" server="ilukwe.com/public_html/d3tutorial/" local="3451670583" remote="12043140152" /><file name="zoomin4.html" server="ilukwe.com/public_html/d3tutorial/" local="3451670578" remote="12043140152" /><file name="zoomin2.html" server="ilukwe.com/public_html/d3tutorial/" local="3451669937" remote="12043140092" /><file name="zoomin1.html" server="ilukwe.com/public_html/d3tutorial/" local="3451669555" remote="12043140092" /><file name=".DS_Store" server="ilukwe.com/public_html/d3tutorial/" local="3451237991" remote="12043140092" /><file name="highcharts.src.js" server="ilukwe.com/public_html/d3tutorial/" local="3417286322" remote="12043140092" /><file name="laconst.html" server="ilukwe.com/public_html/d3tutorial/" local="3431526140" remote="12043140092" /><file name="media.html" server="ilukwe.com/public_html/d3tutorial/" local="3431450444" remote="12043140092" /><file name="motionlines.html" server="ilukwe.com/public_html/d3tutorial/" local="3431449906" remote="12043140092" /></dwsync>